epoch	total_masked_mse	mlm_masked_mse	mvc_masked_mse	masked_values	completed_batches	global_step	learning_rate_end	elapsed_seconds
1	765.187045260623	540.8158884372988	224.3711553618077	778748	278	278	9.931806517013612e-05	7.8303306102752686
2	317.0028333233112	160.1319329705237	156.87090030998283	778185	278	556	9.397368756032445e-05	7.367130756378174
3	309.2613846311573	155.00902816122	154.25235675792806	778912	278	834	8.386407858128706e-05	7.472729444503784
4	305.3191331917563	152.6829582936513	152.63617546040547	777701	278	1112	7.008477123264848e-05	7.34514045715332
5	300.13490707194376	149.84167283836337	150.29323349827874	777713	278	1390	5.4128967273616625e-05	7.373364210128784
6	294.55198885197467	146.91348042875578	147.63850711517972	777685	278	1668	3.772572564296005e-05	7.369275808334351
7	289.9107836618493	144.61340405109783	145.29737919235856	778051	278	1946	2.2652592093878666e-05	7.381685256958008
8	287.26986901032564	143.34724381239766	143.92262682849622	779429	278	2224	1.0542974530180327e-05	7.397989749908447
9	286.2043330842658	142.79208292556348	143.41225054771283	778138	278	2502	2.7091379149682685e-06	7.420136213302612
10	285.5229023856103	142.44782896457548	143.0750738935172	778308	278	2780	0.0	7.418413400650024
