model_id	condition	requested_cells	used_cells	sampling_seed	model_initialization_seed	epochs	total_optimizer_steps	retention_rate	embedding_dim	parameter_count	checkpoint_path	checkpoint_bytes	checkpoint_sha256	archive_relative_path	config_path	vocab_path	vocab_sha256	input_file	completion_marker	epoch_selection
sctab_seed0_n2220_scgpt	cell_number	2220	2220	0	20260821	10	350	1.0	128	1166466	/n/holylabs/rongma_lab/Lab/scaling_law/jingyuan/pretraining_cell_scaling/outputs/scgpt_checkpoints/sctab_seed0_n2220_scgpt/model.pt	4696849	993c410daa16f354013dc7b30b3499d0f198cf87749aa7c4a2553915ffe2c21e	weights/sctab_seed0_n2220_scgpt/model.pt	configs/sctab_seed0_n2220_scgpt/config.json	assets/vocab.json	8748be00569d79691685313610f3366fd8aae4c20a7d7e3c6a441b604293740c	/n/holylabs/rongma_lab/Lab/scaling_law/jingyuan/pretraining_cell_scaling/data/nested_raw/seed_0/sctab_seed0_n2220_raw.h5ad	/n/holylabs/rongma_lab/Lab/scaling_law/jingyuan/pretraining_cell_scaling/outputs/scgpt_checkpoints/sctab_seed0_n2220_scgpt/_SUCCESS	final epoch; no validation checkpoint selection
sctab_seed0_n4440_scgpt	cell_number	4440	4440	0	20260821	10	700	1.0	128	1166466	/n/holylabs/rongma_lab/Lab/scaling_law/jingyuan/pretraining_cell_scaling/outputs/scgpt_checkpoints/sctab_seed0_n4440_scgpt/model.pt	4696849	37400c66c1a5522d1206cdab8079e9532bb65076f3b9b41292e911ba2d9525f5	weights/sctab_seed0_n4440_scgpt/model.pt	configs/sctab_seed0_n4440_scgpt/config.json	assets/vocab.json	8748be00569d79691685313610f3366fd8aae4c20a7d7e3c6a441b604293740c	/n/holylabs/rongma_lab/Lab/scaling_law/jingyuan/pretraining_cell_scaling/data/nested_raw/seed_0/sctab_seed0_n4440_raw.h5ad	/n/holylabs/rongma_lab/Lab/scaling_law/jingyuan/pretraining_cell_scaling/outputs/scgpt_checkpoints/sctab_seed0_n4440_scgpt/_SUCCESS	final epoch; no validation checkpoint selection
sctab_seed0_n8880_scgpt	cell_number	8880	8880	0	20260821	10	1390	1.0	128	1166466	/n/holylabs/rongma_lab/Lab/scaling_law/jingyuan/pretraining_cell_scaling/outputs/scgpt_checkpoints/sctab_seed0_n8880_scgpt/model.pt	4696849	732f8f5c53487e81c5638d424ef2ba8ac6fd3871615cb227c1d8b4cad430b20c	weights/sctab_seed0_n8880_scgpt/model.pt	configs/sctab_seed0_n8880_scgpt/config.json	assets/vocab.json	8748be00569d79691685313610f3366fd8aae4c20a7d7e3c6a441b604293740c	/n/holylabs/rongma_lab/Lab/scaling_law/jingyuan/pretraining_cell_scaling/data/nested_raw/seed_0/sctab_seed0_n8880_raw.h5ad	/n/holylabs/rongma_lab/Lab/scaling_law/jingyuan/pretraining_cell_scaling/outputs/scgpt_checkpoints/sctab_seed0_n8880_scgpt/_SUCCESS	final epoch; no validation checkpoint selection
sctab_seed0_n17760_scgpt	cell_number	17760	17760	0	20260821	10	2780	1.0	128	1166466	/n/holylabs/rongma_lab/Lab/scaling_law/jingyuan/pretraining_cell_scaling/outputs/scgpt_checkpoints/sctab_seed0_n17760_scgpt/model.pt	4696849	b9db8e78f3679f04d574bcde0c7df851adbfdd15fc686cd8dfc3d29a3f3fe9fb	weights/sctab_seed0_n17760_scgpt/model.pt	configs/sctab_seed0_n17760_scgpt/config.json	assets/vocab.json	8748be00569d79691685313610f3366fd8aae4c20a7d7e3c6a441b604293740c	/n/holylabs/rongma_lab/Lab/scaling_law/jingyuan/pretraining_cell_scaling/data/nested_raw/seed_0/sctab_seed0_n17760_raw.h5ad	/n/holylabs/rongma_lab/Lab/scaling_law/jingyuan/pretraining_cell_scaling/outputs/scgpt_checkpoints/sctab_seed0_n17760_scgpt/_SUCCESS	final epoch; no validation checkpoint selection
sctab_seed0_n35520_scgpt	cell_number	35520	35520	0	20260821	10	5550	1.0	128	1166466	/n/holylabs/rongma_lab/Lab/scaling_law/jingyuan/pretraining_cell_scaling/outputs/scgpt_checkpoints/sctab_seed0_n35520_scgpt/model.pt	4696849	f58d3a3babe30ee3139b62db6a1869d65b92bc04ee9cc6a021e745b428eb9111	weights/sctab_seed0_n35520_scgpt/model.pt	configs/sctab_seed0_n35520_scgpt/config.json	assets/vocab.json	8748be00569d79691685313610f3366fd8aae4c20a7d7e3c6a441b604293740c	/n/holylabs/rongma_lab/Lab/scaling_law/jingyuan/pretraining_cell_scaling/data/nested_raw/seed_0/sctab_seed0_n35520_raw.h5ad	/n/holylabs/rongma_lab/Lab/scaling_law/jingyuan/pretraining_cell_scaling/outputs/scgpt_checkpoints/sctab_seed0_n35520_scgpt/_SUCCESS	final epoch; no validation checkpoint selection
sctab_seed0_n71040_scgpt	cell_number	71040	71040	0	20260821	10	11100	1.0	128	1166466	/n/holylabs/rongma_lab/Lab/scaling_law/jingyuan/pretraining_cell_scaling/outputs/scgpt_checkpoints/sctab_seed0_n71040_scgpt/model.pt	4696849	555b0a1b5fb1b7a51119126190cde6c9ac9f3f6a5c52254352cd25d10c02811a	weights/sctab_seed0_n71040_scgpt/model.pt	configs/sctab_seed0_n71040_scgpt/config.json	assets/vocab.json	8748be00569d79691685313610f3366fd8aae4c20a7d7e3c6a441b604293740c	/n/holylabs/rongma_lab/Lab/scaling_law/jingyuan/pretraining_cell_scaling/data/nested_raw/seed_0/sctab_seed0_n71040_raw.h5ad	/n/holylabs/rongma_lab/Lab/scaling_law/jingyuan/pretraining_cell_scaling/outputs/scgpt_checkpoints/sctab_seed0_n71040_scgpt/_SUCCESS	final epoch; no validation checkpoint selection
sctab_seed0_n142080_scgpt	cell_number	142080	142080	0	20260821	10	22200	1.0	128	1166466	/n/holylabs/rongma_lab/Lab/scaling_law/jingyuan/pretraining_cell_scaling/outputs/scgpt_checkpoints/sctab_seed0_n142080_scgpt/model.pt	4696849	c978fb6a4c7e777c93d1c5d03051d899ecdb74f403780981bf8a1e17e54070a5	weights/sctab_seed0_n142080_scgpt/model.pt	configs/sctab_seed0_n142080_scgpt/config.json	assets/vocab.json	8748be00569d79691685313610f3366fd8aae4c20a7d7e3c6a441b604293740c	/n/holylabs/rongma_lab/Lab/scaling_law/jingyuan/pretraining_cell_scaling/data/nested_raw/seed_0/sctab_seed0_n142080_raw.h5ad	/n/holylabs/rongma_lab/Lab/scaling_law/jingyuan/pretraining_cell_scaling/outputs/scgpt_checkpoints/sctab_seed0_n142080_scgpt/_SUCCESS	final epoch; no validation checkpoint selection
sctab_seed0_n222000_scgpt	cell_number	222000	222000	0	20260821	10	34690	1.0	128	1166466	/n/holylabs/rongma_lab/Lab/scaling_law/jingyuan/pretraining_cell_scaling/outputs/scgpt_checkpoints/sctab_seed0_n222000_scgpt/model.pt	4696849	2c50e48b07c8e1b44b8c609c4afb57ba529e96a338247def7b970176a6eb8eb4	weights/sctab_seed0_n222000_scgpt/model.pt	configs/sctab_seed0_n222000_scgpt/config.json	assets/vocab.json	8748be00569d79691685313610f3366fd8aae4c20a7d7e3c6a441b604293740c	/n/holylabs/rongma_lab/Lab/scaling_law/jingyuan/pretraining_cell_scaling/data/nested_raw/seed_0/sctab_seed0_n222000_raw.h5ad	/n/holylabs/rongma_lab/Lab/scaling_law/jingyuan/pretraining_cell_scaling/outputs/scgpt_checkpoints/sctab_seed0_n222000_scgpt/_SUCCESS	final epoch; no validation checkpoint selection
sctab_seed0_n222000_rho0250_scgpt	sequencing_depth	222000	217202	0	20260821	10	33940	0.025	128	1166466	/n/holylabs/rongma_lab/Lab/scaling_law/jingyuan/pretraining_cell_scaling/outputs/pretraining_umi_scaling/scgpt_checkpoints/sctab_seed0_n222000_rho0250_scgpt/model.pt	4696849	77f45873182619eea08b2b36698a8bb1ece24b10b7e661aa8f2adeae97c02a34	weights/sctab_seed0_n222000_rho0250_scgpt/model.pt	configs/sctab_seed0_n222000_rho0250_scgpt/config.json	assets/vocab.json	8748be00569d79691685313610f3366fd8aae4c20a7d7e3c6a441b604293740c	/n/holylabs/rongma_lab/Lab/scaling_law/jingyuan/pretraining_cell_scaling/data/pretraining_umi_scaling/seed_0/sctab_seed0_n222000_rho0250_panel2000.h5ad	/n/holylabs/rongma_lab/Lab/scaling_law/jingyuan/pretraining_cell_scaling/outputs/pretraining_umi_scaling/scgpt_checkpoints/sctab_seed0_n222000_rho0250_scgpt/_SUCCESS	final epoch; no validation checkpoint selection
sctab_seed0_n222000_rho0500_scgpt	sequencing_depth	222000	221023	0	20260821	10	34540	0.05	128	1166466	/n/holylabs/rongma_lab/Lab/scaling_law/jingyuan/pretraining_cell_scaling/outputs/pretraining_umi_scaling/scgpt_checkpoints/sctab_seed0_n222000_rho0500_scgpt/model.pt	4696849	5ba9aa129254715b5b15793a941a409333e0d9ddb16f25bd5b17b317b04c9027	weights/sctab_seed0_n222000_rho0500_scgpt/model.pt	configs/sctab_seed0_n222000_rho0500_scgpt/config.json	assets/vocab.json	8748be00569d79691685313610f3366fd8aae4c20a7d7e3c6a441b604293740c	/n/holylabs/rongma_lab/Lab/scaling_law/jingyuan/pretraining_cell_scaling/data/pretraining_umi_scaling/seed_0/sctab_seed0_n222000_rho0500_panel2000.h5ad	/n/holylabs/rongma_lab/Lab/scaling_law/jingyuan/pretraining_cell_scaling/outputs/pretraining_umi_scaling/scgpt_checkpoints/sctab_seed0_n222000_rho0500_scgpt/_SUCCESS	final epoch; no validation checkpoint selection
sctab_seed0_n222000_rho1000_scgpt	sequencing_depth	222000	221863	0	20260821	10	34670	0.1	128	1166466	/n/holylabs/rongma_lab/Lab/scaling_law/jingyuan/pretraining_cell_scaling/outputs/pretraining_umi_scaling/scgpt_checkpoints/sctab_seed0_n222000_rho1000_scgpt/model.pt	4696849	250fd6c986c217446047321339a2a2a940faa7c6fc688835bdb6cdeb420353f8	weights/sctab_seed0_n222000_rho1000_scgpt/model.pt	configs/sctab_seed0_n222000_rho1000_scgpt/config.json	assets/vocab.json	8748be00569d79691685313610f3366fd8aae4c20a7d7e3c6a441b604293740c	/n/holylabs/rongma_lab/Lab/scaling_law/jingyuan/pretraining_cell_scaling/data/pretraining_umi_scaling/seed_0/sctab_seed0_n222000_rho1000_panel2000.h5ad	/n/holylabs/rongma_lab/Lab/scaling_law/jingyuan/pretraining_cell_scaling/outputs/pretraining_umi_scaling/scgpt_checkpoints/sctab_seed0_n222000_rho1000_scgpt/_SUCCESS	final epoch; no validation checkpoint selection
sctab_seed0_n222000_rho2000_scgpt	sequencing_depth	222000	221986	0	20260821	10	34690	0.2	128	1166466	/n/holylabs/rongma_lab/Lab/scaling_law/jingyuan/pretraining_cell_scaling/outputs/pretraining_umi_scaling/scgpt_checkpoints/sctab_seed0_n222000_rho2000_scgpt/model.pt	4696977	52f05ace82b6d4ae79115f0fbffb9411d54d5d8f8a6b4244c4d32a31da913efb	weights/sctab_seed0_n222000_rho2000_scgpt/model.pt	configs/sctab_seed0_n222000_rho2000_scgpt/config.json	assets/vocab.json	8748be00569d79691685313610f3366fd8aae4c20a7d7e3c6a441b604293740c	/n/holylabs/rongma_lab/Lab/scaling_law/jingyuan/pretraining_cell_scaling/data/pretraining_umi_scaling/seed_0/sctab_seed0_n222000_rho2000_panel2000.h5ad	/n/holylabs/rongma_lab/Lab/scaling_law/jingyuan/pretraining_cell_scaling/outputs/pretraining_umi_scaling/scgpt_checkpoints/sctab_seed0_n222000_rho2000_scgpt/_SUCCESS	final epoch; no validation checkpoint selection
sctab_seed0_n222000_rho4000_scgpt	sequencing_depth	222000	222000	0	20260821	10	34690	0.4	128	1166466	/n/holylabs/rongma_lab/Lab/scaling_law/jingyuan/pretraining_cell_scaling/outputs/pretraining_umi_scaling/scgpt_checkpoints/sctab_seed0_n222000_rho4000_scgpt/model.pt	4696977	0c10c51d9a2548b591ac91d762f6a001d24fd677a9386582f708a717c6261e98	weights/sctab_seed0_n222000_rho4000_scgpt/model.pt	configs/sctab_seed0_n222000_rho4000_scgpt/config.json	assets/vocab.json	8748be00569d79691685313610f3366fd8aae4c20a7d7e3c6a441b604293740c	/n/holylabs/rongma_lab/Lab/scaling_law/jingyuan/pretraining_cell_scaling/data/pretraining_umi_scaling/seed_0/sctab_seed0_n222000_rho4000_panel2000.h5ad	/n/holylabs/rongma_lab/Lab/scaling_law/jingyuan/pretraining_cell_scaling/outputs/pretraining_umi_scaling/scgpt_checkpoints/sctab_seed0_n222000_rho4000_scgpt/_SUCCESS	final epoch; no validation checkpoint selection
sctab_seed0_n222000_rho7000_scgpt	sequencing_depth	222000	222000	0	20260821	10	34690	0.7	128	1166466	/n/holylabs/rongma_lab/Lab/scaling_law/jingyuan/pretraining_cell_scaling/outputs/pretraining_umi_scaling/scgpt_checkpoints/sctab_seed0_n222000_rho7000_scgpt/model.pt	4696977	b89dcf60acdb24918002777eeb0a8c6153f345d1c46d2382ec745485aeb617ef	weights/sctab_seed0_n222000_rho7000_scgpt/model.pt	configs/sctab_seed0_n222000_rho7000_scgpt/config.json	assets/vocab.json	8748be00569d79691685313610f3366fd8aae4c20a7d7e3c6a441b604293740c	/n/holylabs/rongma_lab/Lab/scaling_law/jingyuan/pretraining_cell_scaling/data/pretraining_umi_scaling/seed_0/sctab_seed0_n222000_rho7000_panel2000.h5ad	/n/holylabs/rongma_lab/Lab/scaling_law/jingyuan/pretraining_cell_scaling/outputs/pretraining_umi_scaling/scgpt_checkpoints/sctab_seed0_n222000_rho7000_scgpt/_SUCCESS	final epoch; no validation checkpoint selection
sctab_seed1_n2220_scgpt	cell_number	2220	2220	1	20260821	10	350	1.0	128	1166466	/n/holylabs/rongma_lab/Lab/scaling_law/jingyuan/pretraining_cell_scaling/outputs/scgpt_checkpoints/sctab_seed1_n2220_scgpt/model.pt	4696849	13cc553d5d132ad632a0da27e106dfe797a1667ac5e85f1c4285242c15835c55	weights/sctab_seed1_n2220_scgpt/model.pt	configs/sctab_seed1_n2220_scgpt/config.json	assets/vocab.json	8748be00569d79691685313610f3366fd8aae4c20a7d7e3c6a441b604293740c	/n/holylabs/rongma_lab/Lab/scaling_law/jingyuan/pretraining_cell_scaling/data/nested_raw/seed_1/sctab_seed1_n2220_raw.h5ad	/n/holylabs/rongma_lab/Lab/scaling_law/jingyuan/pretraining_cell_scaling/outputs/scgpt_checkpoints/sctab_seed1_n2220_scgpt/_SUCCESS	final epoch; no validation checkpoint selection
sctab_seed1_n4440_scgpt	cell_number	4440	4440	1	20260821	10	700	1.0	128	1166466	/n/holylabs/rongma_lab/Lab/scaling_law/jingyuan/pretraining_cell_scaling/outputs/scgpt_checkpoints/sctab_seed1_n4440_scgpt/model.pt	4696849	26a2a04e593d6e3a53dda205d748e3ca0fc9c7c43705166cbd1556956df408b6	weights/sctab_seed1_n4440_scgpt/model.pt	configs/sctab_seed1_n4440_scgpt/config.json	assets/vocab.json	8748be00569d79691685313610f3366fd8aae4c20a7d7e3c6a441b604293740c	/n/holylabs/rongma_lab/Lab/scaling_law/jingyuan/pretraining_cell_scaling/data/nested_raw/seed_1/sctab_seed1_n4440_raw.h5ad	/n/holylabs/rongma_lab/Lab/scaling_law/jingyuan/pretraining_cell_scaling/outputs/scgpt_checkpoints/sctab_seed1_n4440_scgpt/_SUCCESS	final epoch; no validation checkpoint selection
sctab_seed1_n8880_scgpt	cell_number	8880	8880	1	20260821	10	1390	1.0	128	1166466	/n/holylabs/rongma_lab/Lab/scaling_law/jingyuan/pretraining_cell_scaling/outputs/scgpt_checkpoints/sctab_seed1_n8880_scgpt/model.pt	4696849	1a11c716135f3db1ab0e488f3bd47ecd4b3653445c46688b9d7cc08bd102ecf6	weights/sctab_seed1_n8880_scgpt/model.pt	configs/sctab_seed1_n8880_scgpt/config.json	assets/vocab.json	8748be00569d79691685313610f3366fd8aae4c20a7d7e3c6a441b604293740c	/n/holylabs/rongma_lab/Lab/scaling_law/jingyuan/pretraining_cell_scaling/data/nested_raw/seed_1/sctab_seed1_n8880_raw.h5ad	/n/holylabs/rongma_lab/Lab/scaling_law/jingyuan/pretraining_cell_scaling/outputs/scgpt_checkpoints/sctab_seed1_n8880_scgpt/_SUCCESS	final epoch; no validation checkpoint selection
sctab_seed1_n17760_scgpt	cell_number	17760	17760	1	20260821	10	2780	1.0	128	1166466	/n/holylabs/rongma_lab/Lab/scaling_law/jingyuan/pretraining_cell_scaling/outputs/scgpt_checkpoints/sctab_seed1_n17760_scgpt/model.pt	4696849	4ed9eb3c672f91d6c74fea6bb0f112ac4745759a7c667d7a2067def39d8d8c52	weights/sctab_seed1_n17760_scgpt/model.pt	configs/sctab_seed1_n17760_scgpt/config.json	assets/vocab.json	8748be00569d79691685313610f3366fd8aae4c20a7d7e3c6a441b604293740c	/n/holylabs/rongma_lab/Lab/scaling_law/jingyuan/pretraining_cell_scaling/data/nested_raw/seed_1/sctab_seed1_n17760_raw.h5ad	/n/holylabs/rongma_lab/Lab/scaling_law/jingyuan/pretraining_cell_scaling/outputs/scgpt_checkpoints/sctab_seed1_n17760_scgpt/_SUCCESS	final epoch; no validation checkpoint selection
sctab_seed1_n35520_scgpt	cell_number	35520	35520	1	20260821	10	5550	1.0	128	1166466	/n/holylabs/rongma_lab/Lab/scaling_law/jingyuan/pretraining_cell_scaling/outputs/scgpt_checkpoints/sctab_seed1_n35520_scgpt/model.pt	4696849	3282f18600c78547c02c8ad75b0856d92e6e970f39aaa8738b330ec615a6657e	weights/sctab_seed1_n35520_scgpt/model.pt	configs/sctab_seed1_n35520_scgpt/config.json	assets/vocab.json	8748be00569d79691685313610f3366fd8aae4c20a7d7e3c6a441b604293740c	/n/holylabs/rongma_lab/Lab/scaling_law/jingyuan/pretraining_cell_scaling/data/nested_raw/seed_1/sctab_seed1_n35520_raw.h5ad	/n/holylabs/rongma_lab/Lab/scaling_law/jingyuan/pretraining_cell_scaling/outputs/scgpt_checkpoints/sctab_seed1_n35520_scgpt/_SUCCESS	final epoch; no validation checkpoint selection
sctab_seed1_n71040_scgpt	cell_number	71040	71040	1	20260821	10	11100	1.0	128	1166466	/n/holylabs/rongma_lab/Lab/scaling_law/jingyuan/pretraining_cell_scaling/outputs/scgpt_checkpoints/sctab_seed1_n71040_scgpt/model.pt	4696849	2494751a49b900c616000696f809a824bb0ae9afe1e2965e99322e0dabf19157	weights/sctab_seed1_n71040_scgpt/model.pt	configs/sctab_seed1_n71040_scgpt/config.json	assets/vocab.json	8748be00569d79691685313610f3366fd8aae4c20a7d7e3c6a441b604293740c	/n/holylabs/rongma_lab/Lab/scaling_law/jingyuan/pretraining_cell_scaling/data/nested_raw/seed_1/sctab_seed1_n71040_raw.h5ad	/n/holylabs/rongma_lab/Lab/scaling_law/jingyuan/pretraining_cell_scaling/outputs/scgpt_checkpoints/sctab_seed1_n71040_scgpt/_SUCCESS	final epoch; no validation checkpoint selection
sctab_seed1_n142080_scgpt	cell_number	142080	142080	1	20260821	10	22200	1.0	128	1166466	/n/holylabs/rongma_lab/Lab/scaling_law/jingyuan/pretraining_cell_scaling/outputs/scgpt_checkpoints/sctab_seed1_n142080_scgpt/model.pt	4696849	6ab77024838f79a3c4d19398abbbbe6e3a75cc899b2dc73680be55cef3b14318	weights/sctab_seed1_n142080_scgpt/model.pt	configs/sctab_seed1_n142080_scgpt/config.json	assets/vocab.json	8748be00569d79691685313610f3366fd8aae4c20a7d7e3c6a441b604293740c	/n/holylabs/rongma_lab/Lab/scaling_law/jingyuan/pretraining_cell_scaling/data/nested_raw/seed_1/sctab_seed1_n142080_raw.h5ad	/n/holylabs/rongma_lab/Lab/scaling_law/jingyuan/pretraining_cell_scaling/outputs/scgpt_checkpoints/sctab_seed1_n142080_scgpt/_SUCCESS	final epoch; no validation checkpoint selection
sctab_seed1_n222000_scgpt	cell_number	222000	222000	1	20260821	10	34690	1.0	128	1166466	/n/holylabs/rongma_lab/Lab/scaling_law/jingyuan/pretraining_cell_scaling/outputs/scgpt_checkpoints/sctab_seed1_n222000_scgpt/model.pt	4696849	c30ad20d1b61362fe0c43a6ca8ece23b946099b7246b3341354355cb7764e335	weights/sctab_seed1_n222000_scgpt/model.pt	configs/sctab_seed1_n222000_scgpt/config.json	assets/vocab.json	8748be00569d79691685313610f3366fd8aae4c20a7d7e3c6a441b604293740c	/n/holylabs/rongma_lab/Lab/scaling_law/jingyuan/pretraining_cell_scaling/data/nested_raw/seed_1/sctab_seed1_n222000_raw.h5ad	/n/holylabs/rongma_lab/Lab/scaling_law/jingyuan/pretraining_cell_scaling/outputs/scgpt_checkpoints/sctab_seed1_n222000_scgpt/_SUCCESS	final epoch; no validation checkpoint selection
sctab_seed1_n222000_rho0250_scgpt	sequencing_depth	222000	217326	1	20260821	10	33960	0.025	128	1166466	/n/holylabs/rongma_lab/Lab/scaling_law/jingyuan/pretraining_cell_scaling/outputs/pretraining_umi_scaling/scgpt_checkpoints/sctab_seed1_n222000_rho0250_scgpt/model.pt	4696977	27f56acfc94cbb5a62c4946b9a9d442d9af5eab64a489d01464e6f2ea59bb4f0	weights/sctab_seed1_n222000_rho0250_scgpt/model.pt	configs/sctab_seed1_n222000_rho0250_scgpt/config.json	assets/vocab.json	8748be00569d79691685313610f3366fd8aae4c20a7d7e3c6a441b604293740c	/n/holylabs/rongma_lab/Lab/scaling_law/jingyuan/pretraining_cell_scaling/data/pretraining_umi_scaling/seed_1/sctab_seed1_n222000_rho0250_panel2000.h5ad	/n/holylabs/rongma_lab/Lab/scaling_law/jingyuan/pretraining_cell_scaling/outputs/pretraining_umi_scaling/scgpt_checkpoints/sctab_seed1_n222000_rho0250_scgpt/_SUCCESS	final epoch; no validation checkpoint selection
sctab_seed1_n222000_rho0500_scgpt	sequencing_depth	222000	221016	1	20260821	10	34540	0.05	128	1166466	/n/holylabs/rongma_lab/Lab/scaling_law/jingyuan/pretraining_cell_scaling/outputs/pretraining_umi_scaling/scgpt_checkpoints/sctab_seed1_n222000_rho0500_scgpt/model.pt	4696977	00ce7fa22b452f489db16b56c780a3ca91dc1a68bec1df29cadcaa05ea546258	weights/sctab_seed1_n222000_rho0500_scgpt/model.pt	configs/sctab_seed1_n222000_rho0500_scgpt/config.json	assets/vocab.json	8748be00569d79691685313610f3366fd8aae4c20a7d7e3c6a441b604293740c	/n/holylabs/rongma_lab/Lab/scaling_law/jingyuan/pretraining_cell_scaling/data/pretraining_umi_scaling/seed_1/sctab_seed1_n222000_rho0500_panel2000.h5ad	/n/holylabs/rongma_lab/Lab/scaling_law/jingyuan/pretraining_cell_scaling/outputs/pretraining_umi_scaling/scgpt_checkpoints/sctab_seed1_n222000_rho0500_scgpt/_SUCCESS	final epoch; no validation checkpoint selection
sctab_seed1_n222000_rho1000_scgpt	sequencing_depth	222000	221855	1	20260821	10	34670	0.1	128	1166466	/n/holylabs/rongma_lab/Lab/scaling_law/jingyuan/pretraining_cell_scaling/outputs/pretraining_umi_scaling/scgpt_checkpoints/sctab_seed1_n222000_rho1000_scgpt/model.pt	4696977	37735f006ae36124eaaaaec683e653967d9be8f4959a8af2f94d99316a5eac52	weights/sctab_seed1_n222000_rho1000_scgpt/model.pt	configs/sctab_seed1_n222000_rho1000_scgpt/config.json	assets/vocab.json	8748be00569d79691685313610f3366fd8aae4c20a7d7e3c6a441b604293740c	/n/holylabs/rongma_lab/Lab/scaling_law/jingyuan/pretraining_cell_scaling/data/pretraining_umi_scaling/seed_1/sctab_seed1_n222000_rho1000_panel2000.h5ad	/n/holylabs/rongma_lab/Lab/scaling_law/jingyuan/pretraining_cell_scaling/outputs/pretraining_umi_scaling/scgpt_checkpoints/sctab_seed1_n222000_rho1000_scgpt/_SUCCESS	final epoch; no validation checkpoint selection
sctab_seed1_n222000_rho2000_scgpt	sequencing_depth	222000	221988	1	20260821	10	34690	0.2	128	1166466	/n/holylabs/rongma_lab/Lab/scaling_law/jingyuan/pretraining_cell_scaling/outputs/pretraining_umi_scaling/scgpt_checkpoints/sctab_seed1_n222000_rho2000_scgpt/model.pt	4696977	3a0c688f244818072aef4d399b5b0916d6294d0d90d8071f8de282d09548a5de	weights/sctab_seed1_n222000_rho2000_scgpt/model.pt	configs/sctab_seed1_n222000_rho2000_scgpt/config.json	assets/vocab.json	8748be00569d79691685313610f3366fd8aae4c20a7d7e3c6a441b604293740c	/n/holylabs/rongma_lab/Lab/scaling_law/jingyuan/pretraining_cell_scaling/data/pretraining_umi_scaling/seed_1/sctab_seed1_n222000_rho2000_panel2000.h5ad	/n/holylabs/rongma_lab/Lab/scaling_law/jingyuan/pretraining_cell_scaling/outputs/pretraining_umi_scaling/scgpt_checkpoints/sctab_seed1_n222000_rho2000_scgpt/_SUCCESS	final epoch; no validation checkpoint selection
sctab_seed1_n222000_rho4000_scgpt	sequencing_depth	222000	221999	1	20260821	10	34690	0.4	128	1166466	/n/holylabs/rongma_lab/Lab/scaling_law/jingyuan/pretraining_cell_scaling/outputs/pretraining_umi_scaling/scgpt_checkpoints/sctab_seed1_n222000_rho4000_scgpt/model.pt	4696977	9f328cbd86c4c3e3e7ddba8a64f893a8a17eb031a2ae1644d2bebeeb022d83de	weights/sctab_seed1_n222000_rho4000_scgpt/model.pt	configs/sctab_seed1_n222000_rho4000_scgpt/config.json	assets/vocab.json	8748be00569d79691685313610f3366fd8aae4c20a7d7e3c6a441b604293740c	/n/holylabs/rongma_lab/Lab/scaling_law/jingyuan/pretraining_cell_scaling/data/pretraining_umi_scaling/seed_1/sctab_seed1_n222000_rho4000_panel2000.h5ad	/n/holylabs/rongma_lab/Lab/scaling_law/jingyuan/pretraining_cell_scaling/outputs/pretraining_umi_scaling/scgpt_checkpoints/sctab_seed1_n222000_rho4000_scgpt/_SUCCESS	final epoch; no validation checkpoint selection
sctab_seed1_n222000_rho7000_scgpt	sequencing_depth	222000	222000	1	20260821	10	34690	0.7	128	1166466	/n/holylabs/rongma_lab/Lab/scaling_law/jingyuan/pretraining_cell_scaling/outputs/pretraining_umi_scaling/scgpt_checkpoints/sctab_seed1_n222000_rho7000_scgpt/model.pt	4696977	7d3c52a009a3dbd913e7b6ebb32ba9e6b360b4c4b8b7160b796318c4b60d82aa	weights/sctab_seed1_n222000_rho7000_scgpt/model.pt	configs/sctab_seed1_n222000_rho7000_scgpt/config.json	assets/vocab.json	8748be00569d79691685313610f3366fd8aae4c20a7d7e3c6a441b604293740c	/n/holylabs/rongma_lab/Lab/scaling_law/jingyuan/pretraining_cell_scaling/data/pretraining_umi_scaling/seed_1/sctab_seed1_n222000_rho7000_panel2000.h5ad	/n/holylabs/rongma_lab/Lab/scaling_law/jingyuan/pretraining_cell_scaling/outputs/pretraining_umi_scaling/scgpt_checkpoints/sctab_seed1_n222000_rho7000_scgpt/_SUCCESS	final epoch; no validation checkpoint selection
sctab_seed2_n2220_scgpt	cell_number	2220	2220	2	20260821	10	350	1.0	128	1166466	/n/holylabs/rongma_lab/Lab/scaling_law/jingyuan/pretraining_cell_scaling/outputs/scgpt_checkpoints/sctab_seed2_n2220_scgpt/model.pt	4696849	14e218ac7c26585003018e2add32698b3253ec7fc203a8e11e2885442024dfd4	weights/sctab_seed2_n2220_scgpt/model.pt	configs/sctab_seed2_n2220_scgpt/config.json	assets/vocab.json	8748be00569d79691685313610f3366fd8aae4c20a7d7e3c6a441b604293740c	/n/holylabs/rongma_lab/Lab/scaling_law/jingyuan/pretraining_cell_scaling/data/nested_raw/seed_2/sctab_seed2_n2220_raw.h5ad	/n/holylabs/rongma_lab/Lab/scaling_law/jingyuan/pretraining_cell_scaling/outputs/scgpt_checkpoints/sctab_seed2_n2220_scgpt/_SUCCESS	final epoch; no validation checkpoint selection
sctab_seed2_n4440_scgpt	cell_number	4440	4440	2	20260821	10	700	1.0	128	1166466	/n/holylabs/rongma_lab/Lab/scaling_law/jingyuan/pretraining_cell_scaling/outputs/scgpt_checkpoints/sctab_seed2_n4440_scgpt/model.pt	4696849	e158ea5edf49bbb8af6fc88d0c4095f15c1f73ba55442cada351d40b8b58003a	weights/sctab_seed2_n4440_scgpt/model.pt	configs/sctab_seed2_n4440_scgpt/config.json	assets/vocab.json	8748be00569d79691685313610f3366fd8aae4c20a7d7e3c6a441b604293740c	/n/holylabs/rongma_lab/Lab/scaling_law/jingyuan/pretraining_cell_scaling/data/nested_raw/seed_2/sctab_seed2_n4440_raw.h5ad	/n/holylabs/rongma_lab/Lab/scaling_law/jingyuan/pretraining_cell_scaling/outputs/scgpt_checkpoints/sctab_seed2_n4440_scgpt/_SUCCESS	final epoch; no validation checkpoint selection
sctab_seed2_n8880_scgpt	cell_number	8880	8880	2	20260821	10	1390	1.0	128	1166466	/n/holylabs/rongma_lab/Lab/scaling_law/jingyuan/pretraining_cell_scaling/outputs/scgpt_checkpoints/sctab_seed2_n8880_scgpt/model.pt	4696849	7ed62283be3520488d2fdd36a1abd6f53c9494f4130c2177df74538f8aa40e0d	weights/sctab_seed2_n8880_scgpt/model.pt	configs/sctab_seed2_n8880_scgpt/config.json	assets/vocab.json	8748be00569d79691685313610f3366fd8aae4c20a7d7e3c6a441b604293740c	/n/holylabs/rongma_lab/Lab/scaling_law/jingyuan/pretraining_cell_scaling/data/nested_raw/seed_2/sctab_seed2_n8880_raw.h5ad	/n/holylabs/rongma_lab/Lab/scaling_law/jingyuan/pretraining_cell_scaling/outputs/scgpt_checkpoints/sctab_seed2_n8880_scgpt/_SUCCESS	final epoch; no validation checkpoint selection
sctab_seed2_n17760_scgpt	cell_number	17760	17760	2	20260821	10	2780	1.0	128	1166466	/n/holylabs/rongma_lab/Lab/scaling_law/jingyuan/pretraining_cell_scaling/outputs/scgpt_checkpoints/sctab_seed2_n17760_scgpt/model.pt	4696849	9f2c600518ada2cf3733e96c6461ad78a6068a08fedad6755225ba4df87a6d0a	weights/sctab_seed2_n17760_scgpt/model.pt	configs/sctab_seed2_n17760_scgpt/config.json	assets/vocab.json	8748be00569d79691685313610f3366fd8aae4c20a7d7e3c6a441b604293740c	/n/holylabs/rongma_lab/Lab/scaling_law/jingyuan/pretraining_cell_scaling/data/nested_raw/seed_2/sctab_seed2_n17760_raw.h5ad	/n/holylabs/rongma_lab/Lab/scaling_law/jingyuan/pretraining_cell_scaling/outputs/scgpt_checkpoints/sctab_seed2_n17760_scgpt/_SUCCESS	final epoch; no validation checkpoint selection
sctab_seed2_n35520_scgpt	cell_number	35520	35520	2	20260821	10	5550	1.0	128	1166466	/n/holylabs/rongma_lab/Lab/scaling_law/jingyuan/pretraining_cell_scaling/outputs/scgpt_checkpoints/sctab_seed2_n35520_scgpt/model.pt	4696849	da35f6f11a092be52197be63502e9981caa4d03d80828d01ee5ee67e58a649c9	weights/sctab_seed2_n35520_scgpt/model.pt	configs/sctab_seed2_n35520_scgpt/config.json	assets/vocab.json	8748be00569d79691685313610f3366fd8aae4c20a7d7e3c6a441b604293740c	/n/holylabs/rongma_lab/Lab/scaling_law/jingyuan/pretraining_cell_scaling/data/nested_raw/seed_2/sctab_seed2_n35520_raw.h5ad	/n/holylabs/rongma_lab/Lab/scaling_law/jingyuan/pretraining_cell_scaling/outputs/scgpt_checkpoints/sctab_seed2_n35520_scgpt/_SUCCESS	final epoch; no validation checkpoint selection
sctab_seed2_n71040_scgpt	cell_number	71040	71040	2	20260821	10	11100	1.0	128	1166466	/n/holylabs/rongma_lab/Lab/scaling_law/jingyuan/pretraining_cell_scaling/outputs/scgpt_checkpoints/sctab_seed2_n71040_scgpt/model.pt	4696849	fa004278afab6a48eafd11cec8b2bf7b53147f3faf791902bea7021babac07f8	weights/sctab_seed2_n71040_scgpt/model.pt	configs/sctab_seed2_n71040_scgpt/config.json	assets/vocab.json	8748be00569d79691685313610f3366fd8aae4c20a7d7e3c6a441b604293740c	/n/holylabs/rongma_lab/Lab/scaling_law/jingyuan/pretraining_cell_scaling/data/nested_raw/seed_2/sctab_seed2_n71040_raw.h5ad	/n/holylabs/rongma_lab/Lab/scaling_law/jingyuan/pretraining_cell_scaling/outputs/scgpt_checkpoints/sctab_seed2_n71040_scgpt/_SUCCESS	final epoch; no validation checkpoint selection
sctab_seed2_n142080_scgpt	cell_number	142080	142080	2	20260821	10	22200	1.0	128	1166466	/n/holylabs/rongma_lab/Lab/scaling_law/jingyuan/pretraining_cell_scaling/outputs/scgpt_checkpoints/sctab_seed2_n142080_scgpt/model.pt	4696849	888c6244a74ed9724163c5a0ee381d4c95819057f15d4453cca0b6c44a1fb708	weights/sctab_seed2_n142080_scgpt/model.pt	configs/sctab_seed2_n142080_scgpt/config.json	assets/vocab.json	8748be00569d79691685313610f3366fd8aae4c20a7d7e3c6a441b604293740c	/n/holylabs/rongma_lab/Lab/scaling_law/jingyuan/pretraining_cell_scaling/data/nested_raw/seed_2/sctab_seed2_n142080_raw.h5ad	/n/holylabs/rongma_lab/Lab/scaling_law/jingyuan/pretraining_cell_scaling/outputs/scgpt_checkpoints/sctab_seed2_n142080_scgpt/_SUCCESS	final epoch; no validation checkpoint selection
sctab_seed2_n222000_scgpt	cell_number	222000	222000	2	20260821	10	34690	1.0	128	1166466	/n/holylabs/rongma_lab/Lab/scaling_law/jingyuan/pretraining_cell_scaling/outputs/scgpt_checkpoints/sctab_seed2_n222000_scgpt/model.pt	4696849	1725bb7808c553940f521805f079c5240e65e9bbc878fcad415bc461407c7a29	weights/sctab_seed2_n222000_scgpt/model.pt	configs/sctab_seed2_n222000_scgpt/config.json	assets/vocab.json	8748be00569d79691685313610f3366fd8aae4c20a7d7e3c6a441b604293740c	/n/holylabs/rongma_lab/Lab/scaling_law/jingyuan/pretraining_cell_scaling/data/nested_raw/seed_2/sctab_seed2_n222000_raw.h5ad	/n/holylabs/rongma_lab/Lab/scaling_law/jingyuan/pretraining_cell_scaling/outputs/scgpt_checkpoints/sctab_seed2_n222000_scgpt/_SUCCESS	final epoch; no validation checkpoint selection
sctab_seed2_n222000_rho0250_scgpt	sequencing_depth	222000	217289	2	20260821	10	33960	0.025	128	1166466	/n/holylabs/rongma_lab/Lab/scaling_law/jingyuan/pretraining_cell_scaling/outputs/pretraining_umi_scaling/scgpt_checkpoints/sctab_seed2_n222000_rho0250_scgpt/model.pt	4696977	ba892ee76f1a8a96ede7c24af0b32c3ef45cbe613fede0026b8b73b63411fe67	weights/sctab_seed2_n222000_rho0250_scgpt/model.pt	configs/sctab_seed2_n222000_rho0250_scgpt/config.json	assets/vocab.json	8748be00569d79691685313610f3366fd8aae4c20a7d7e3c6a441b604293740c	/n/holylabs/rongma_lab/Lab/scaling_law/jingyuan/pretraining_cell_scaling/data/pretraining_umi_scaling/seed_2/sctab_seed2_n222000_rho0250_panel2000.h5ad	/n/holylabs/rongma_lab/Lab/scaling_law/jingyuan/pretraining_cell_scaling/outputs/pretraining_umi_scaling/scgpt_checkpoints/sctab_seed2_n222000_rho0250_scgpt/_SUCCESS	final epoch; no validation checkpoint selection
sctab_seed2_n222000_rho0500_scgpt	sequencing_depth	222000	221060	2	20260821	10	34550	0.05	128	1166466	/n/holylabs/rongma_lab/Lab/scaling_law/jingyuan/pretraining_cell_scaling/outputs/pretraining_umi_scaling/scgpt_checkpoints/sctab_seed2_n222000_rho0500_scgpt/model.pt	4696977	0f37ec94256230c43709360f97dc83e4da6d204d2caef20d76db0fbcdd41bf2c	weights/sctab_seed2_n222000_rho0500_scgpt/model.pt	configs/sctab_seed2_n222000_rho0500_scgpt/config.json	assets/vocab.json	8748be00569d79691685313610f3366fd8aae4c20a7d7e3c6a441b604293740c	/n/holylabs/rongma_lab/Lab/scaling_law/jingyuan/pretraining_cell_scaling/data/pretraining_umi_scaling/seed_2/sctab_seed2_n222000_rho0500_panel2000.h5ad	/n/holylabs/rongma_lab/Lab/scaling_law/jingyuan/pretraining_cell_scaling/outputs/pretraining_umi_scaling/scgpt_checkpoints/sctab_seed2_n222000_rho0500_scgpt/_SUCCESS	final epoch; no validation checkpoint selection
sctab_seed2_n222000_rho1000_scgpt	sequencing_depth	222000	221882	2	20260821	10	34670	0.1	128	1166466	/n/holylabs/rongma_lab/Lab/scaling_law/jingyuan/pretraining_cell_scaling/outputs/pretraining_umi_scaling/scgpt_checkpoints/sctab_seed2_n222000_rho1000_scgpt/model.pt	4696977	8b4951534ef6d7fd835aa8d7c580d3ad79bd4cf3d60f6504c6f56de3f063683f	weights/sctab_seed2_n222000_rho1000_scgpt/model.pt	configs/sctab_seed2_n222000_rho1000_scgpt/config.json	assets/vocab.json	8748be00569d79691685313610f3366fd8aae4c20a7d7e3c6a441b604293740c	/n/holylabs/rongma_lab/Lab/scaling_law/jingyuan/pretraining_cell_scaling/data/pretraining_umi_scaling/seed_2/sctab_seed2_n222000_rho1000_panel2000.h5ad	/n/holylabs/rongma_lab/Lab/scaling_law/jingyuan/pretraining_cell_scaling/outputs/pretraining_umi_scaling/scgpt_checkpoints/sctab_seed2_n222000_rho1000_scgpt/_SUCCESS	final epoch; no validation checkpoint selection
sctab_seed2_n222000_rho2000_scgpt	sequencing_depth	222000	221990	2	20260821	10	34690	0.2	128	1166466	/n/holylabs/rongma_lab/Lab/scaling_law/jingyuan/pretraining_cell_scaling/outputs/pretraining_umi_scaling/scgpt_checkpoints/sctab_seed2_n222000_rho2000_scgpt/model.pt	4696977	75c20c4e199dbab56efa79b2b4748f2032b387fa98cfec713b272b168ce2b40f	weights/sctab_seed2_n222000_rho2000_scgpt/model.pt	configs/sctab_seed2_n222000_rho2000_scgpt/config.json	assets/vocab.json	8748be00569d79691685313610f3366fd8aae4c20a7d7e3c6a441b604293740c	/n/holylabs/rongma_lab/Lab/scaling_law/jingyuan/pretraining_cell_scaling/data/pretraining_umi_scaling/seed_2/sctab_seed2_n222000_rho2000_panel2000.h5ad	/n/holylabs/rongma_lab/Lab/scaling_law/jingyuan/pretraining_cell_scaling/outputs/pretraining_umi_scaling/scgpt_checkpoints/sctab_seed2_n222000_rho2000_scgpt/_SUCCESS	final epoch; no validation checkpoint selection
sctab_seed2_n222000_rho4000_scgpt	sequencing_depth	222000	222000	2	20260821	10	34690	0.4	128	1166466	/n/holylabs/rongma_lab/Lab/scaling_law/jingyuan/pretraining_cell_scaling/outputs/pretraining_umi_scaling/scgpt_checkpoints/sctab_seed2_n222000_rho4000_scgpt/model.pt	4696977	c9c2f4972aaad5532df1420b29223c7bc310d89567a9d923b9a384b8530eeb2a	weights/sctab_seed2_n222000_rho4000_scgpt/model.pt	configs/sctab_seed2_n222000_rho4000_scgpt/config.json	assets/vocab.json	8748be00569d79691685313610f3366fd8aae4c20a7d7e3c6a441b604293740c	/n/holylabs/rongma_lab/Lab/scaling_law/jingyuan/pretraining_cell_scaling/data/pretraining_umi_scaling/seed_2/sctab_seed2_n222000_rho4000_panel2000.h5ad	/n/holylabs/rongma_lab/Lab/scaling_law/jingyuan/pretraining_cell_scaling/outputs/pretraining_umi_scaling/scgpt_checkpoints/sctab_seed2_n222000_rho4000_scgpt/_SUCCESS	final epoch; no validation checkpoint selection
sctab_seed2_n222000_rho7000_scgpt	sequencing_depth	222000	222000	2	20260821	10	34690	0.7	128	1166466	/n/holylabs/rongma_lab/Lab/scaling_law/jingyuan/pretraining_cell_scaling/outputs/pretraining_umi_scaling/scgpt_checkpoints/sctab_seed2_n222000_rho7000_scgpt/model.pt	4696977	095d3c51747475d091c6e852db74396b5aa33eee080265a1efb845cbbf33e100	weights/sctab_seed2_n222000_rho7000_scgpt/model.pt	configs/sctab_seed2_n222000_rho7000_scgpt/config.json	assets/vocab.json	8748be00569d79691685313610f3366fd8aae4c20a7d7e3c6a441b604293740c	/n/holylabs/rongma_lab/Lab/scaling_law/jingyuan/pretraining_cell_scaling/data/pretraining_umi_scaling/seed_2/sctab_seed2_n222000_rho7000_panel2000.h5ad	/n/holylabs/rongma_lab/Lab/scaling_law/jingyuan/pretraining_cell_scaling/outputs/pretraining_umi_scaling/scgpt_checkpoints/sctab_seed2_n222000_rho7000_scgpt/_SUCCESS	final epoch; no validation checkpoint selection
sctab_seed0_n444000_scgpt	cell_number	444000	444000	0	20260821	10	69380	1.0	128	1166466	/n/holylabs/rongma_lab/Lab/scaling_law/jingyuan/pretraining_cell_scaling/outputs/cell_extension_888k/scgpt_checkpoints/sctab_seed0_n444000_scgpt/model.pt	4696977	2d7f808ae7d4b43377c184ccfce3c70b8918e60b76044f8481ff70430a5abb19	weights/sctab_seed0_n444000_scgpt/model.pt	configs/sctab_seed0_n444000_scgpt/config.json	assets/vocab.json	8748be00569d79691685313610f3366fd8aae4c20a7d7e3c6a441b604293740c	/n/holylabs/rongma_lab/Lab/scaling_law/jingyuan/pretraining_cell_scaling/data/nested_raw/seed_0/sctab_seed0_n444000_raw.h5ad	/n/holylabs/rongma_lab/Lab/scaling_law/jingyuan/pretraining_cell_scaling/outputs/cell_extension_888k/scgpt_checkpoints/sctab_seed0_n444000_scgpt/_SUCCESS	final epoch; no validation checkpoint selection
sctab_seed0_n888000_scgpt	cell_number	888000	888000	0	20260821	10	138750	1.0	128	1166466	/n/holylabs/rongma_lab/Lab/scaling_law/jingyuan/pretraining_cell_scaling/outputs/cell_extension_888k/scgpt_checkpoints/sctab_seed0_n888000_scgpt/model.pt	4696977	23b4ff7f4fcc6926469a69e32dfce51c6fd5af6f55800764a6c503ce288ec610	weights/sctab_seed0_n888000_scgpt/model.pt	configs/sctab_seed0_n888000_scgpt/config.json	assets/vocab.json	8748be00569d79691685313610f3366fd8aae4c20a7d7e3c6a441b604293740c	/n/holylabs/rongma_lab/Lab/scaling_law/jingyuan/pretraining_cell_scaling/data/nested_raw/seed_0/sctab_seed0_n888000_raw.h5ad	/n/holylabs/rongma_lab/Lab/scaling_law/jingyuan/pretraining_cell_scaling/outputs/cell_extension_888k/scgpt_checkpoints/sctab_seed0_n888000_scgpt/_SUCCESS	final epoch; no validation checkpoint selection
sctab_seed1_n444000_scgpt	cell_number	444000	444000	1	20260821	10	69380	1.0	128	1166466	/n/holylabs/rongma_lab/Lab/scaling_law/jingyuan/pretraining_cell_scaling/outputs/cell_extension_888k/scgpt_checkpoints/sctab_seed1_n444000_scgpt/model.pt	4696977	31f1f0379f252870ecba4009b2e749e454c7e8bf92b40facea3228e36437ab4a	weights/sctab_seed1_n444000_scgpt/model.pt	configs/sctab_seed1_n444000_scgpt/config.json	assets/vocab.json	8748be00569d79691685313610f3366fd8aae4c20a7d7e3c6a441b604293740c	/n/holylabs/rongma_lab/Lab/scaling_law/jingyuan/pretraining_cell_scaling/data/nested_raw/seed_1/sctab_seed1_n444000_raw.h5ad	/n/holylabs/rongma_lab/Lab/scaling_law/jingyuan/pretraining_cell_scaling/outputs/cell_extension_888k/scgpt_checkpoints/sctab_seed1_n444000_scgpt/_SUCCESS	final epoch; no validation checkpoint selection
sctab_seed1_n888000_scgpt	cell_number	888000	888000	1	20260821	10	138750	1.0	128	1166466	/n/holylabs/rongma_lab/Lab/scaling_law/jingyuan/pretraining_cell_scaling/outputs/cell_extension_888k/scgpt_checkpoints/sctab_seed1_n888000_scgpt/model.pt	4696977	f785bdbf76143f572e8ed319fcaae68e7ac09a69415a7dc60b11af49a670b63f	weights/sctab_seed1_n888000_scgpt/model.pt	configs/sctab_seed1_n888000_scgpt/config.json	assets/vocab.json	8748be00569d79691685313610f3366fd8aae4c20a7d7e3c6a441b604293740c	/n/holylabs/rongma_lab/Lab/scaling_law/jingyuan/pretraining_cell_scaling/data/nested_raw/seed_1/sctab_seed1_n888000_raw.h5ad	/n/holylabs/rongma_lab/Lab/scaling_law/jingyuan/pretraining_cell_scaling/outputs/cell_extension_888k/scgpt_checkpoints/sctab_seed1_n888000_scgpt/_SUCCESS	final epoch; no validation checkpoint selection
sctab_seed2_n444000_scgpt	cell_number	444000	444000	2	20260821	10	69380	1.0	128	1166466	/n/holylabs/rongma_lab/Lab/scaling_law/jingyuan/pretraining_cell_scaling/outputs/cell_extension_888k/scgpt_checkpoints/sctab_seed2_n444000_scgpt/model.pt	4696977	df3a954fc2280cd78030a197be861ba477814dedbee9c0dfc827c6df4ada38a8	weights/sctab_seed2_n444000_scgpt/model.pt	configs/sctab_seed2_n444000_scgpt/config.json	assets/vocab.json	8748be00569d79691685313610f3366fd8aae4c20a7d7e3c6a441b604293740c	/n/holylabs/rongma_lab/Lab/scaling_law/jingyuan/pretraining_cell_scaling/data/nested_raw/seed_2/sctab_seed2_n444000_raw.h5ad	/n/holylabs/rongma_lab/Lab/scaling_law/jingyuan/pretraining_cell_scaling/outputs/cell_extension_888k/scgpt_checkpoints/sctab_seed2_n444000_scgpt/_SUCCESS	final epoch; no validation checkpoint selection
sctab_seed2_n888000_scgpt	cell_number	888000	888000	2	20260821	10	138750	1.0	128	1166466	/n/holylabs/rongma_lab/Lab/scaling_law/jingyuan/pretraining_cell_scaling/outputs/cell_extension_888k/scgpt_checkpoints/sctab_seed2_n888000_scgpt/model.pt	4696977	30d249644e440af11324574cbc982d61476054f53f8773473fd33ff11fbb2418	weights/sctab_seed2_n888000_scgpt/model.pt	configs/sctab_seed2_n888000_scgpt/config.json	assets/vocab.json	8748be00569d79691685313610f3366fd8aae4c20a7d7e3c6a441b604293740c	/n/holylabs/rongma_lab/Lab/scaling_law/jingyuan/pretraining_cell_scaling/data/nested_raw/seed_2/sctab_seed2_n888000_raw.h5ad	/n/holylabs/rongma_lab/Lab/scaling_law/jingyuan/pretraining_cell_scaling/outputs/cell_extension_888k/scgpt_checkpoints/sctab_seed2_n888000_scgpt/_SUCCESS	final epoch; no validation checkpoint selection
sctab_seed0_n1600000_scgpt	cell_number	1600000	1600000	0	20260821	10	250000	1.0	128	1166466	/n/holylabs/rongma_lab/Lab/scaling_law/jingyuan/pretraining_cell_scaling/outputs/cell_extension_1600k/scgpt_checkpoints/sctab_seed0_n1600000_scgpt/model.pt	4696913	33d30d45051f858ad358a883ae9c39f9fbacc6e14e6fa037d3684320f12aa356	weights/sctab_seed0_n1600000_scgpt/model.pt	configs/sctab_seed0_n1600000_scgpt/config.json	assets/vocab.json	8748be00569d79691685313610f3366fd8aae4c20a7d7e3c6a441b604293740c	/n/netscratch/rongma_lab/Lab/jingyuan/pretraining_cell_scaling/data/nested_raw/seed_0/sctab_seed0_n1600000_raw.h5ad	/n/holylabs/rongma_lab/Lab/scaling_law/jingyuan/pretraining_cell_scaling/outputs/cell_extension_1600k/scgpt_checkpoints/sctab_seed0_n1600000_scgpt/_SUCCESS	final epoch; no validation checkpoint selection
sctab_seed1_n1600000_scgpt	cell_number	1600000	1600000	1	20260821	10	250000	1.0	128	1166466	/n/holylabs/rongma_lab/Lab/scaling_law/jingyuan/pretraining_cell_scaling/outputs/cell_extension_1600k/scgpt_checkpoints/sctab_seed1_n1600000_scgpt/model.pt	4696913	66cdac7c3385f1e2248d5979acef48233dc92ac89ea04322091ac5843369d993	weights/sctab_seed1_n1600000_scgpt/model.pt	configs/sctab_seed1_n1600000_scgpt/config.json	assets/vocab.json	8748be00569d79691685313610f3366fd8aae4c20a7d7e3c6a441b604293740c	/n/netscratch/rongma_lab/Lab/jingyuan/pretraining_cell_scaling/data/nested_raw/seed_1/sctab_seed1_n1600000_raw.h5ad	/n/holylabs/rongma_lab/Lab/scaling_law/jingyuan/pretraining_cell_scaling/outputs/cell_extension_1600k/scgpt_checkpoints/sctab_seed1_n1600000_scgpt/_SUCCESS	final epoch; no validation checkpoint selection
sctab_seed2_n1600000_scgpt	cell_number	1600000	1600000	2	20260821	10	250000	1.0	128	1166466	/n/holylabs/rongma_lab/Lab/scaling_law/jingyuan/pretraining_cell_scaling/outputs/cell_extension_1600k/scgpt_checkpoints/sctab_seed2_n1600000_scgpt/model.pt	4696913	08360cafe89081ad2a23907ec0f449cd4567e9a579ffe324d5caa8bdc94d9fb6	weights/sctab_seed2_n1600000_scgpt/model.pt	configs/sctab_seed2_n1600000_scgpt/config.json	assets/vocab.json	8748be00569d79691685313610f3366fd8aae4c20a7d7e3c6a441b604293740c	/n/netscratch/rongma_lab/Lab/jingyuan/pretraining_cell_scaling/data/nested_raw/seed_2/sctab_seed2_n1600000_raw.h5ad	/n/holylabs/rongma_lab/Lab/scaling_law/jingyuan/pretraining_cell_scaling/outputs/cell_extension_1600k/scgpt_checkpoints/sctab_seed2_n1600000_scgpt/_SUCCESS	final epoch; no validation checkpoint selection
